Chrom	Pos	MAF	P	Effect direction	Nucleotide change	Amino acid.change
2R	3489390	6	0.829284477160629	Susceptible	178G>A	Ala60Thr
2R	3489397	11	0.541489862543491	Susceptible	185T>G	Val62Gly
2R	3493415	6	0.291320690075247	Susceptible	1948G>A	Glu650Lys
2R	3493739	7	0.877099602021809	Resistant	2165T>C	Ile722Thr
2R	3493765	5	0.794008301171513	Resistant	2191G>A	Ala731Thr
