Locus	Moshi.arabiensis	Muleba.arabiensis
Vgsc.1507I_T	0.00177304964539007	0
Vgsc.995F_T	0.00354609929078014	0
Rdl.296S_T	0.0212765957446809	0
Cyp4j5.43F_A	1	1
